<manifest><control namespace="Contoso" constructor="ImageGrid" version="0.0.9" display-name-key="ImageGrid" description-key="Images Grid Display" control-type="virtual" api-version="1.3.12"><external-service-usage enabled="false" /><data-set name="Images" display-name-key="Images"><property-set name="ImageName" display-name-key="ImageName" of-type="SingleLine.Text" usage="bound" required="true" /><property-set name="ImageContent" display-name-key="ImageContent" of-type="SingleLine.Text" usage="bound" required="false" /></data-set><property name="SubGridHeight" display-name-key="Sub Grid Height for Model Driven Forms" of-type="Whole.None" usage="input" required="false" /><resources><code path="bundle.js" order="1" /><platform-library name="React" version="16.8.6" /><css path="image-grid.css" order="1" /></resources><built-by name="pac" version="1.31.2" /></control></manifest>